query_id,igv_id,title,url,baseline_rank,rrf_score,ThEM,ThSM,GeoEM,GeoRM,TempEM,TempCM,TGI,TGTI
Q01,66d5a235f71a5d7a732e7805,Interactive Future Radar Forecast Next 12 to 72 Hours,https://www.iweathernet.com/interactive-radar,1,0.032786885,0.571428571,0.897748232,1,1,0,,0.734588402,
Q01,66d5a153f71a5d7a732e77fb,National Weather Service - Graphical Forecast,https://digital.weather.gov/,2,0.031746032,0.285714286,0.855200648,0,0,1,,0,
Q01,66d5a17ff71a5d7a732e77fd,"Ventusky - Wind, Rain and Temperature Maps",https://www.ventusky.com/,3,0.030621786,0.428571429,0.86137104,0,0,1,,0,
Q01,66d62c8a4c92b073b2002b9e,WRAL Weather Radar | NC Weather Maps,https://www.wral.com/weather-map-center/8106570/,4,0.030550373,0.285714286,0.848038077,0,0,1,,0,
Q01,66d62ca04c92b073b2002b9f,Hydromet - Map View - Stream Flow and Weather,https://hydromet.lcra.org/,5,0.030550373,0.285714286,0.830607772,1,1,1,,0.558161029,
Q01,66d5a13cf71a5d7a732e77fa,WunderMap® | Interactive Weather Map and Radar | Weather Underground,https://www.wunderground.com/wundermap,6,0.029857398,0.285714286,0.849786282,0,0,1,,0,
Q01,66d6fae29842769ddfefe13a,NOAA Tides and Currents,https://tidesandcurrents.noaa.gov/,7,0.029469122,0,0.83827436,0,0.75,1,,0.157176442,
Q01,66d62cb54c92b073b2002ba0,"Südheide, Lower Saxony, DE | Weather Maps, Radar and Satellite | WeatherBug",https://www.weatherbug.com/maps,8,0.028778468,0.285714286,0.845670462,0,0,1,,0,
Q01,66d5a19bf71a5d7a732e77fe,NWS Radar,https://radar.weather.gov/,9,0.028219396,0.285714286,0.850956917,0,0,0,,0,
Q01,66d625a04c92b073b2002b51,GIS,https://www.weather.gov/gis/,10,0.027893738,0.142857143,0.845069885,0,0,0,,0,
Q01,66d6d84ad28af346fda0a9ac,CityApp,https://fitzlab.shinyapps.io/cityapp/,11,0.027579737,0,0.815227181,0,0.75,1,,0.152855096,
Q01,66d6d9eed28af346fda0a9be,FEMA Flood Map Service Center | Search By Address,https://msc.fema.gov/portal/search,12,0.026140526,0,0.798824489,0,0,1,,0,
Q01,66d5709d5e27b9bcf8ff9c3c,"earth :: a global map of wind, weather, and ocean conditions",https://earth.nullschool.net/#current/wind/surface/level/orthographic=-34.28 57.06 257/loc=-17.124 57.517,13,0.025516796,0,0.82857874,0,0,1,,0,
Q01,66d5a1c4f71a5d7a732e7800,"earth :: a global map of wind, weather, and ocean conditions",https://earth.nullschool.net/,14,0.025516796,0,0.82857874,0,0,1,,0,
Q01,66d62c754c92b073b2002b9d,Radar Data,https://www.ncei.noaa.gov/maps/radar/,15,0.025182135,0.142857143,0.816904545,0,0,0,,0,
Q01,66e888fedca1e1ff7088bd24,Weather Prediction Center,https://www.wpc.ncep.noaa.gov/NationalForecastChart/map.php,16,0.025035206,0.285714286,0.80977881,0,0,0,,0,
Q01,66d5a169f71a5d7a732e77fc,Interactive weather maps - OpenWeatherMap,https://openweathermap.org/weathermap,17,0.0248779,0.142857143,0.848115653,0,0,0,,0,
Q01,66d70afd9842769ddfefe1ee,Harris County Flood Education Mapping Tool,https://www.harriscountyfemt.org/,18,0.024868706,0,0.802082062,1,1,0,,0.401041031,
Q01,66d6fefb9842769ddfefe168,Billion-Dollar Weather and Climate Disasters | National Centers for Environmental Information (NCEI),https://www.ncei.noaa.gov/access/billions/mapping,19,0.024264706,0.142857143,0.81406799,0,0.75,0,,0.179423462,
Q01,66d625ea4c92b073b2002b54,Georgia Weather - Automated Environmental Monitoring Network Page,http://www.georgiaweather.net/,20,0.024086022,0.285714286,0.817599505,0,0,0,,0,
Q01,66d632dd4c92b073b2002be6,NWT wildfire update | Environment and Climate Change,https://www.gov.nt.ca/ecc/services/wildfire-update/en/firedata,21,0.02402746,0,0.811362147,0,0,1,,0,
Q01,66d6f13a9842769ddfefe0ce,WILDFIRES AND DISASTERS | TFS,https://tfsweb.tamu.edu/Burnbans/,22,0.023574561,0,0.77927646,1,1,0,,0.38963823,
Q01,66d6faae9842769ddfefe138,National Data Buoy Center,https://www.ndbc.noaa.gov/,23,0.023128898,0.142857143,0.82836771,0,0,0,,0,
Q01,66d706d19842769ddfefe1bf,"METRO Interactive System Map | Bus and Rail Transit | Houston, Texas",https://map.ridemetro.org/,24,0.022991543,0,0.775935769,1,1,1,,0.387967885,
Q01,66d708829842769ddfefe1d3,Solar Reference Map - FSEC®,https://energyresearch.ucf.edu/solar-certification/solar-reference-map/,25,0.022981366,0.142857143,0.799881339,0,0,0,,0,
Q01,66d5a345f71a5d7a732e7811,Smoke Forecast - FireSmoke.ca,https://firesmoke.ca/forecasts/current/,26,0.02221404,0.142857143,0.819254875,0,0,0,,0,
Q01,66d570b15e27b9bcf8ff9c3d,Five Years of Drought – Adventures In Mapping,https://adventuresinmapping.com/2016/07/12/five-years-of-drought/,27,0.022005772,0,0.807794571,0,0.75,0,,0.151461482,
Q01,66d6f2999842769ddfefe0dd,Current Map | U.S. Drought Monitor,https://droughtmonitor.unl.edu/,28,0.021227364,0,0.828252345,1,1,0,,0.414126173,
Q01,66d625874c92b073b2002b50,LastQuake,https://m.emsc.eu/,29,0.021117609,0,0.805616021,0,0,0,,0,
Q01,66e8a67caf2647a86e74a1cf,USGS WaterWatch -- Streamflow conditions,http://waterwatch.usgs.gov/?m=real&r=ne&w=map,30,0.021025641,0,0.808512598,0,0.75,1,,0.151596112,
Q01,66d6dd71d35448426ca0660f,Groundwater Data Viewer | Texas Water Development Board,https://www3.twdb.texas.gov/apps/waterdatainteractive/groundwaterdataviewer,31,0.020410166,0,0.778071225,1,1,0,,0.389035612,
Q01,66d6d477d28af346fda0a97f,Interactive map: How has local sea level in the United States changed over time? | NOAA Climate.gov,http://www.climate.gov/news-features/features/interactive-map-how-has-local-sea-level-united-states-changed-over-time,32,0.02037037,0,0.802586257,0,0.75,0,,0.150484923,
Q01,66d5a2d2f71a5d7a732e780c,Live Starlink Satellite and Coverage Map,https://satellitemap.space/,33,0.020007885,0,0.787911415,0,0,1,,0,
Q01,66d625724c92b073b2002b4f,Earthquake Live Map,https://earth3dmap.com/earthquake-live-map/,34,0.019878574,0,0.795842081,0,0.75,1,,0.14922039,
Q01,66d5a318f71a5d7a732e780f,Fire and Smoke Map,https://fire.airnow.gov/,35,0.019843597,0,0.800828576,0,0,0,,0,
Q01,66e89873af2647a86e74a137,ATXwatersheds,https://www.atxwatersheds.com/findyourwatershed/,36,0.019722727,0,0.821626037,0,0,0,,0,
Q01,66d6f5c59842769ddfefe101,Impact Map - Climate Impact Lab,https://impactlab.org/map/,37,0.019535325,0,0.816167533,0,0.75,0,,0.153031413,
Q01,66d6f8889842769ddfefe120,Summer Meal Site Map,https://squaremeals.org/Programs/Summer-Meal-Programs/Summer-Meal-Site-Map,38,0.019460949,0,0.744144469,1,1,0,,0.372072235,
Q01,66e89a12af2647a86e74a146,Sea Level Rise and Coastal Flooding Impacts,https://coast.noaa.gov/slr/#/layer/slr,39,0.019211409,0,0.816745222,1,1,0,,0.408372611,
Q01,66d711309842769ddfefe233,Interactive Map | Beltline,https://beltline.org/map/,40,0.019127841,0,0.768335074,0,0,1,,0,
Q02,66d6d477d28af346fda0a97f,Interactive map: How has local sea level in the United States changed over time? | NOAA Climate.gov,http://www.climate.gov/news-features/features/interactive-map-how-has-local-sea-level-united-states-changed-over-time,1,0.032522475,0.25,0.895623386,0,0,0.5,0.524096386,0,0
Q02,66e89a12af2647a86e74a146,Sea Level Rise and Coastal Flooding Impacts,https://coast.noaa.gov/slr/#/layer/slr,2,0.032522475,0.625,0.909607351,0,0,0,0.030120482,0,0
Q02,66d6d53fd28af346fda0a988,Sea Level Projection Tool – NASA Sea Level Change Portal,https://sealevel.nasa.gov/ipcc-ar6-sea-level-projection-tool,3,0.031498016,0.25,0.865474433,0,0,0,,0,
Q02,66d6fae29842769ddfefe13a,NOAA Tides and Currents,https://tidesandcurrents.noaa.gov/,4,0.031257631,0.25,0.867882639,0,0,0,,0,
Q02,66d6ddbdd35448426ca06613,"Flood Map: Elevation Map, Sea Level Rise Map",https://www.floodmap.net/,5,0.030536131,0.375,0.869253784,0,0,0,0.006024096,0,0
Q02,66d5709d5e27b9bcf8ff9c3c,"earth :: a global map of wind, weather, and ocean conditions",https://earth.nullschool.net/#current/wind/surface/level/orthographic=-34.28 57.06 257/loc=-17.124 57.517,6,0.028665029,0,0.845321238,0,0,0,0.084337349,0,0
Q02,66d5a1c4f71a5d7a732e7800,"earth :: a global map of wind, weather, and ocean conditions",https://earth.nullschool.net/,7,0.028665029,0,0.845321238,0,0,0,0.084337349,0,0
Q02,66d5a153f71a5d7a732e77fb,National Weather Service - Graphical Forecast,https://digital.weather.gov/,8,0.028169014,0,0.822921991,0,0,0,,0,
Q02,66d6f5c59842769ddfefe101,Impact Map - Climate Impact Lab,https://impactlab.org/map/,9,0.028125,0.125,0.83305347,0,0,0,0.777108434,0,0
Q02,66d570b15e27b9bcf8ff9c3d,Five Years of Drought – Adventures In Mapping,https://adventuresinmapping.com/2016/07/12/five-years-of-drought/,10,0.027443609,0,0.829182178,0,0,0,0.048192771,0,0
Q02,66d6f4249842769ddfefe0ef,CBRS Mapper,https://fwsprimary.wim.usgs.gov/CBRSMapper-v2/,11,0.026084011,0,0.815169901,0,0,0,0.006024096,0,0
Q02,66d6d554d28af346fda0a989,Interactive Map | Mountains-to-Sea Trail,https://mountainstoseatrail.org/the-trail/map/,12,0.02605042,0,0.808914542,0,0,0,0.006024096,0,0
Q02,66d6ed6c9842769ddfefe0a1,Chart Locator,https://www.charts.noaa.gov/InteractiveCatalog/nrnc.shtml,13,0.025794938,0,0.782405972,0,0,0,,0,
Q02,66d62c754c92b073b2002b9d,Radar Data,https://www.ncei.noaa.gov/maps/radar/,14,0.022273612,0,0.782411098,0,0,0,0.180722892,0,0
Q02,66d6d5acd28af346fda0a98d,Global Migration,https://coolmaps.esri.com/Migration/Trends/,15,0.021895351,0,0.786248744,0,0,0,0.144578313,0,0
Q02,66d7107a9842769ddfefe22c,MassDEP Online Map Viewer - Wetland and Wetland Change Areas Map,https://maps.massgis.digital.mass.gov/images/dep/omv/wetviewer.htm,16,0.021431829,0,0.81127274,0,0,0,0.084337349,0,0
Q02,66d6f40e9842769ddfefe0ee,Maine Geological Survey: Coastal Sand Dune Geology - Digital Data,https://www.maine.gov/dacf/mgs/pubs/digital/dunes.htm,17,0.021372549,0.125,0.850703537,0,0,0,0.126506024,0,0
Q02,66d6f2999842769ddfefe0dd,Current Map | U.S. Drought Monitor,https://droughtmonitor.unl.edu/,18,0.02115942,0,0.802677631,0,0,0,0.006024096,0,0
Q02,66d708829842769ddfefe1d3,Solar Reference Map - FSEC®,https://energyresearch.ucf.edu/solar-certification/solar-reference-map/,19,0.021025641,0,0.79902339,0,0,0,0.102409639,0,0
Q02,66d700ca9842769ddfefe17c,Water Boards Map | California State Water Resources Control Board,https://www.waterboards.ca.gov/waterboards_map.html,20,0.020590315,0,0.770214677,0,0,0,0.006024096,0,0
Q02,66e8a67caf2647a86e74a1cf,USGS WaterWatch -- Streamflow conditions,http://waterwatch.usgs.gov/?m=real&r=ne&w=map,21,0.020365297,0,0.82474196,0,0,0,0.006024096,0,0
Q02,66d62be64c92b073b2002b97,Hawaiian Volcano Observatory | U.S. Geological Survey,https://www.usgs.gov/observatories/hvo,22,0.02018018,0,0.818058044,0,0,0,0.006024096,0,0
Q02,66d6faae9842769ddfefe138,National Data Buoy Center,https://www.ndbc.noaa.gov/,23,0.019824561,0,0.831717342,0,0,0,,0,
Q02,66d700799842769ddfefe179,Map,https://wdlbeta.water.ca.gov/Map.aspx,24,0.019719123,0,0.797737598,0,0,0,,0,
Q02,66d6fefb9842769ddfefe168,Billion-Dollar Weather and Climate Disasters | National Centers for Environmental Information (NCEI),https://www.ncei.noaa.gov/access/billions/mapping,25,0.01965368,0,0.818237215,0,0,0,0.006024096,0,0
Q02,66d6d512d28af346fda0a986,River Plastic Pollution Sources | The Ocean Cleanup,https://theoceancleanup.com/sources/,26,0.019651235,0,0.824109882,0,0,0,,0,
Q02,66d6fff39842769ddfefe173,Map of Drought Impacts,https://droughtreporter.unl.edu/map/,27,0.019487179,0,0.817601144,0,0,0,0.006024096,0,0
Q02,66d5ac96273dcf5492269176,Interactive Map | British Columbia Assembly of First Nations,https://www.bcafn.ca/first-nations-bc/interactive-map,28,0.01937878,0,0.763944417,0,0,0,0.006024096,0,0
Q02,66e8a79baf2647a86e74a1dc,High Plains Aquifer Interactive Atlas,http://www.kgs.ku.edu/HighPlains/HPA_Atlas/InteractiveAtlas.html,29,0.019366036,0,0.781052351,0,0,0,,0,
Q02,66d5a6dcf71a5d7a732e7838,Interactive Map – CRT Forward Tracking Project,https://crtforward.law.ucla.edu/map/,30,0.019322344,0,0.781358927,0,0,0,,0,
Q02,66d6fde59842769ddfefe15c,Campus Map | Coastal Carolina,https://www.coastal.edu/map/,31,0.019246191,0.125,0.772904843,0,0,0,,0,
Q02,66e888fedca1e1ff7088bd24,Weather Prediction Center,https://www.wpc.ncep.noaa.gov/NationalForecastChart/map.php,32,0.019147005,0,0.777041584,0,0,0,0.006024096,0,0
Q02,66d70afd9842769ddfefe1ee,Harris County Flood Education Mapping Tool,https://www.harriscountyfemt.org/,33,0.019012346,0.125,0.822001636,0,0,0,,0,
Q02,66d6da04d28af346fda0a9bf,Map | National Risk Index,https://hazards.fema.gov/nri/map,34,0.018861789,0,0.803559899,0,0,0,,0,
Q02,66d705e69842769ddfefe1b5,Know Your Zone - South Carolina Emergency Management Division,https://www.scemd.org/prepare/know-your-zone/,35,0.018716578,0,0.766581237,0,0,0,0.078313253,0,0
Q02,66d5ae92273dcf549226918c,National Water Prediction Service - NOAA,https://water.noaa.gov/,36,0.018714859,0,0.806271911,0,0,0,,0,
Q02,66e8a6b2af2647a86e74a1d1,National Water Prediction Service - NOAA,https://water.weather.gov/ahps/forecasts.php,37,0.018714859,0,0.806271911,0,0,0,,0,
Q02,66d6de80d35448426ca0661c,Hunger & Poverty in the United States | Map the Meal Gap,https://map.feedingamerica.org/,38,0.01867284,0,0.749591917,0,0,0,0.018072289,0,0
Q02,66d6d907d28af346fda0a9b4,Interactive Beach Water Quality Dashboard | Mass.gov,https://www.mass.gov/info-details/interactive-beach-water-quality-dashboard,39,0.018294574,0,0.818565577,0,0,0,0.006024096,0,0
Q02,66d6d6d0d28af346fda0a99b,Light pollution map,https://www.lightpollutionmap.info/,40,0.01816092,0,0.801562071,0,0,0,0.072289157,0,0
Q03,66d5a318f71a5d7a732e780f,Fire and Smoke Map,https://fire.airnow.gov/,1,0.032786885,0.714285714,0.886377484,0.666666667,0.666666667,0,1,0.533554399,0.2667772
Q03,66d5a345f71a5d7a732e7811,Smoke Forecast - FireSmoke.ca,https://firesmoke.ca/forecasts/current/,2,0.031746032,0.142857143,0.866681844,0,0,0,0,0,0
Q03,66d62d364c92b073b2002ba6,Current air quality conditions | Minnesota Pollution Control Agency,https://www.pca.state.mn.us/air-water-land-climate/current-air-quality-conditions,3,0.031513648,0.142857143,0.860783368,0,0,0,0,0,0
Q03,66e89d28af2647a86e74a168,Wildfire Aware,https://livingatlas.arcgis.com/wildfireaware/#,4,0.031280547,0.285714286,0.847938359,0,0,1,1,0,0
Q03,66d632dd4c92b073b2002be6,NWT wildfire update | Environment and Climate Change,https://www.gov.nt.ca/ecc/services/wildfire-update/en/firedata,5,0.03125,0.285714286,0.844204128,0,0,0,0,0,0
Q03,66d6f13a9842769ddfefe0ce,WILDFIRES AND DISASTERS | TFS,https://tfsweb.tamu.edu/Burnbans/,6,0.030536131,0.285714286,0.838945925,0,0,0,,0,
Q03,66d5a3f6f71a5d7a732e7818,Interactive maps,https://airquality.wi.gov/,7,0.028814262,0.285714286,0.833977371,0,0,0,,0,
Q03,66d701a49842769ddfefe186,Air Pollution in Asia: Real-time Air Quality Index Visual Map,https://aqicn.org/map/asia/,8,0.026671408,0.285714286,0.828392506,0,0,0,,0,
Q03,66d5709d5e27b9bcf8ff9c3c,"earth :: a global map of wind, weather, and ocean conditions",https://earth.nullschool.net/#current/wind/surface/level/orthographic=-34.28 57.06 257/loc=-17.124 57.517,9,0.026480836,0,0.824735671,0,0,1,1,0,0
Q03,66d5a1c4f71a5d7a732e7800,"earth :: a global map of wind, weather, and ocean conditions",https://earth.nullschool.net/,10,0.026480836,0,0.824735671,0,0,1,1,0,0
Q03,66d5a3a9f71a5d7a732e7815,World's Air Pollution: Real-time Air Quality Index,https://waqi.info/,11,0.025521669,0.285714286,0.836987138,0,0,0,,0,
Q03,66d5a3ddf71a5d7a732e7817,Real-Time Air Quality Map | PurpleAir,https://map.purpleair.com/,12,0.025232198,0.285714286,0.829639137,0,0,0,,0,
Q03,66d6d477d28af346fda0a97f,Interactive map: How has local sea level in the United States changed over time? | NOAA Climate.gov,http://www.climate.gov/news-features/features/interactive-map-how-has-local-sea-level-united-states-changed-over-time,13,0.025,0,0.807394058,0.333333333,0.333333333,0,0,0.134565676,0
Q03,66e889d8dca1e1ff7088bd2c,Visit Washington State | Washington State Tourism,http://www.experiencewa.com/,14,0.024393872,0,0.740935683,0.666666667,0.666666667,0,0,0.246978561,0
Q03,66d708829842769ddfefe1d3,Solar Reference Map - FSEC®,https://energyresearch.ucf.edu/solar-certification/solar-reference-map/,15,0.024152481,0,0.809199691,0,0,1,1,0,0
Q03,66d6d907d28af346fda0a9b4,Interactive Beach Water Quality Dashboard | Mass.gov,https://www.mass.gov/info-details/interactive-beach-water-quality-dashboard,16,0.024099685,0,0.799661219,0,0,0,0,0,0
Q03,66d6d53fd28af346fda0a988,Sea Level Projection Tool – NASA Sea Level Change Portal,https://sealevel.nasa.gov/ipcc-ar6-sea-level-projection-tool,17,0.023856578,0,0.777531922,0.333333333,0.333333333,0,,0.129588654,
Q03,66d700799842769ddfefe179,Map,https://wdlbeta.water.ca.gov/Map.aspx,18,0.023822792,0.142857143,0.783361405,0,0,0,,0,
Q03,66d7055d9842769ddfefe1af,Washington Park Arboretum Interactive Map ~ UW Botanic Gardens,https://depts.washington.edu/uwbg/gardens/map.shtml,19,0.023458811,0,0.760876536,0.333333333,0.583333333,0,0,0.17436754,0
Q03,66d6fe2a9842769ddfefe15f,Coastal Atlas - Map,https://apps.ecology.wa.gov/coastalatlasmap,20,0.023000661,0,0.758377761,0.333333333,0.583333333,0,,0.173794903,
Q03,66d5a153f71a5d7a732e77fb,National Weather Service - Graphical Forecast,https://digital.weather.gov/,21,0.022857889,0,0.80016607,0,0,0,,0,
Q03,66d625a04c92b073b2002b51,GIS,https://www.weather.gov/gis/,22,0.02233947,0,0.826433837,0,0,0,0,0,0
Q03,66e89a12af2647a86e74a146,Sea Level Rise and Coastal Flooding Impacts,https://coast.noaa.gov/slr/#/layer/slr,23,0.022321429,0,0.810011238,0.333333333,0.583333333,1,0,0.185627575,0.092813788
Q03,66d708f69842769ddfefe1d9,Interactive Map - Mountains To Sound Greenway Trust,https://mtsgreenway.org/explore/map/,24,0.02208561,0,0.769082248,0.333333333,0.333333333,0,0,0.128180375,0
Q03,66d6d6d0d28af346fda0a99b,Light pollution map,https://www.lightpollutionmap.info/,25,0.022068511,0,0.800671756,0,0,1,1,0,0
Q03,66d70ae79842769ddfefe1ed,Prescribed Burn Associations | Great Plains Fire Science Exchange,https://gpfirescience.org/prescribed-burn-associations/,26,0.022028986,0.142857143,0.79817751,0,0,0,0,0,0
Q03,66d6faf79842769ddfefe13b,Ducks Unlimited Waterfowl Migration Map & Hunting Reports,https://www.ducks.org/migrationmap,27,0.021792024,0,0.784073979,0,0,1,1,0,0
Q03,66d5a169f71a5d7a732e77fc,Interactive weather maps - OpenWeatherMap,https://openweathermap.org/weathermap,28,0.020973701,0,0.810975492,0,0,0,,0,
Q03,66d6fae29842769ddfefe13a,NOAA Tides and Currents,https://tidesandcurrents.noaa.gov/,29,0.020740884,0,0.808353603,0,0,0,,0,
Q03,66d6e8bb9842769ddfefe06a,Washington's interactive accessibility recreational map | Washington Department of Fish & Wildlife,https://wdfw.wa.gov/accessibility/map,30,0.02012987,0,0.762503117,0.333333333,0.583333333,0,1,0.174740298,0.087370149
Q03,66d5a661f71a5d7a732e7833,COVID-19 Map - Johns Hopkins Coronavirus Resource Center,https://coronavirus.jhu.edu/map.html,31,0.019961427,0,0.773514271,0,0,1,1,0,0
Q03,66d6f5c59842769ddfefe101,Impact Map - Climate Impact Lab,https://impactlab.org/map/,32,0.01982684,0,0.808423638,0,0,0,1,0,0
Q03,66d5a19bf71a5d7a732e77fe,NWS Radar,https://radar.weather.gov/,33,0.019463341,0,0.786566317,0,0,0,,0,
Q03,66d571b65e27b9bcf8ff9c48,"Mapping the Shadows of New York City: Every Building, Every Block - The New York Times",https://www.nytimes.com/interactive/2016/12/21/upshot/Mapping-the-Shadows-of-New-York-City.html?_r=0,34,0.019322344,0,0.779681206,0,0,0,0,0,0
Q03,66e8a79baf2647a86e74a1dc,High Plains Aquifer Interactive Atlas,http://www.kgs.ku.edu/HighPlains/HPA_Atlas/InteractiveAtlas.html,35,0.019320215,0,0.799227923,0,0,0,,0,
Q03,66d5a1dbf71a5d7a732e7801,2023 USDA Plant Hardiness Zone Map | USDA Plant Hardiness Zone Map,https://planthardiness.ars.usda.gov/home,36,0.018957772,0,0.796196848,0,0,1,1,0,0
Q03,66d6fefb9842769ddfefe168,Billion-Dollar Weather and Climate Disasters | National Centers for Environmental Information (NCEI),https://www.ncei.noaa.gov/access/billions/mapping,37,0.0185633,0,0.809931636,0,0,0,0,0,0
Q03,66d70c139842769ddfefe1fa,Lumen Field - Interactive Map,https://www.lumenfield.com/plan-your-visit/stadium-map,38,0.018357488,0,0.7542063,0.333333333,0.333333333,0,0,0.12570105,0
Q03,66e888fedca1e1ff7088bd24,Weather Prediction Center,https://www.wpc.ncep.noaa.gov/NationalForecastChart/map.php,39,0.018225918,0,0.770438313,0,0,0,0,0,0
Q03,66d6fb7f9842769ddfefe141,2022 Mpox Outbreak Global Map | Mpox | Poxvirus | CDC,https://www.cdc.gov/poxvirus/mpox/response/2022/world-map.html,40,0.01806381,0,0.774796069,0,0,1,1,0,0
Q04,66d622f34c92b073b2002b34,Campus Sustainability Map: sustainNU - Northwestern University,https://www.northwestern.edu/sustainability/take-action/campus-sustainability-map.html,1,0.032266458,0.285714286,0.876653522,0,0.75,1,1,0.217943964,0.217943964
Q04,66d623244c92b073b2002b36,Sustainability Map | Sustainable UC Davis,https://sustainability.ucdavis.edu/sustainability-map,2,0.031318816,0.285714286,0.880307913,0,0,0,0.2,0,0
Q04,66d6307a4c92b073b2002bcb,Sustainability Map – Green Toolkit,https://green.usc.edu/sustainability-map/,3,0.031024531,0.142857143,0.841027081,0,0,0,,0,
Q04,66d5a786f71a5d7a732e7840,Sustainability at Geneseo: A Global Impact | SUNY Geneseo,https://www.geneseo.edu/sustainability,4,0.031009615,0.285714286,0.870554686,0,0.75,0.5,0.4,0.216800432,0.097560194
Q04,66d6f3199842769ddfefe0e3,Carbon-Free Energy - Amazon Sustainability,https://sustainability.aboutamazon.com/climate-solutions/carbon-free-energy,5,0.030834915,0.285714286,0.842289865,1,1,1,0.6,0.564002075,0.45120166
Q04,66d6302f4c92b073b2002bc8,Sustainability Map | Sustainable Campus,https://sustainablecampus.cornell.edu/sustainability-map,6,0.030621786,0.285714286,0.883615673,0,0,0.5,0.2,0,0
Q04,66d6293a4c92b073b2002b7a,The Cloud - Amazon Sustainability,https://sustainability.aboutamazon.com/products-services/the-cloud,7,0.029910714,0.428571429,0.837760478,1,1,0,1,0.633165953,0.316582977
Q04,66d622dc4c92b073b2002b33,Sustainability Map | Planet Blue,https://planetblue.umich.edu/campus/about/sustainability-map/,8,0.029631255,0.142857143,0.827049047,0,0.75,0.5,1,0.181857411,0.136393058
Q04,66d6f5c59842769ddfefe101,Impact Map - Climate Impact Lab,https://impactlab.org/map/,9,0.027730294,0,0.812576562,1,1,0.5,1,0.406288281,0.304716211
Q04,66d62efc4c92b073b2002bb9,Campus Maps | University of Nebraska–Lincoln,https://maps.unl.edu/,10,0.027313266,0.142857143,0.826724082,0,0.75,0,,0.18179648,
Q04,66d5a71ef71a5d7a732e783b,Sustainable Development Report 2024,https://dashboards.sdgindex.org/map,11,0.026742735,0,0.801237851,0,0,0.5,0.2,0,0
Q04,66d704549842769ddfefe1a3,FDRL Free Food Map | Penn State College of Health and Human Development,https://hhd.psu.edu/shm/research/industry-research-and-thought-leadership/food-decisions-research-laboratory-fdrl/fdrl-free,12,0.026334026,0,0.77808392,0,0.75,0,,0.145890735,
Q04,66d5709d5e27b9bcf8ff9c3c,"earth :: a global map of wind, weather, and ocean conditions",https://earth.nullschool.net/#current/wind/surface/level/orthographic=-34.28 57.06 257/loc=-17.124 57.517,13,0.025937082,0,0.786668301,0,0.5,1,1,0.098333538,0.098333538
Q04,66d5a1c4f71a5d7a732e7800,"earth :: a global map of wind, weather, and ocean conditions",https://earth.nullschool.net/,14,0.025937082,0,0.786668301,0,0.5,1,1,0.098333538,0.098333538
Q04,66e888fedca1e1ff7088bd24,Weather Prediction Center,https://www.wpc.ncep.noaa.gov/NationalForecastChart/map.php,15,0.024288589,0,0.769576907,0,0.75,0.5,0.2,0.14429567,0.050503485
Q04,66d5a1dbf71a5d7a732e7801,2023 USDA Plant Hardiness Zone Map | USDA Plant Hardiness Zone Map,https://planthardiness.ars.usda.gov/home,16,0.024115297,0,0.778403908,1,1,0,0.8,0.389201954,0.155680782
Q04,66d700e29842769ddfefe17d,Lead Water Service Line Map,https://www.grandrapidsmi.gov/Government/Departments/Water-System/Lead-in-Drinking-Water/Lead-Water-Service-Line-Map,17,0.023894183,0,0.76262787,1,1,0.5,1,0.381313935,0.285985451
Q04,66d6d6d0d28af346fda0a99b,Light pollution map,https://www.lightpollutionmap.info/,18,0.023128342,0,0.764479935,0,0.5,0.5,0.8,0.095559992,0.062113995
Q04,66d6de80d35448426ca0661c,Hunger & Poverty in the United States | Map the Meal Gap,https://map.feedingamerica.org/,19,0.023098367,0,0.772433579,1,1,0.5,0.6,0.386216789,0.212419234
Q04,66d625ea4c92b073b2002b54,Georgia Weather - Automated Environmental Monitoring Network Page,http://www.georgiaweather.net/,20,0.023088023,0.142857143,0.779154241,0,0.75,1,1,0.172877134,0.172877134
Q04,66d5a972f71a5d7a732e7856,U.S. County Migration Patterns,https://flowsmapper.geo.census.gov/map.html,21,0.022195122,0,0.748143032,1,1,0.5,0.2,0.374071516,0.130925031
Q04,66d571625e27b9bcf8ff9c45,Count Love,https://countlove.org/,22,0.021561256,0,0.775370061,0,0.5,0,0.4,0.096921258,0.019384252
Q04,66d56bca677e1a3eb334eb3d,Lowy Institute Global Diplomacy Index 2024,https://globaldiplomacyindex.lowyinstitute.org/,23,0.021222505,0,0.747582063,0,0.75,1,1,0.140171637,0.140171637
Q04,66d6fde59842769ddfefe15c,Campus Map | Coastal Carolina,https://www.coastal.edu/map/,24,0.021204131,0.142857143,0.816761553,1,1,0,,0.479809348,
Q04,66d572485e27b9bcf8ff9c4d,Ungentry,http://codeforboston.github.io/ungentry/,25,0.020330237,0,0.780106068,0,0.75,0,0,0.146269888,0
Q04,66e89d28af2647a86e74a168,Wildfire Aware,https://livingatlas.arcgis.com/wildfireaware/#,26,0.020251938,0,0.770029366,0,0,0.5,0.8,0,0
Q04,66e8a95daf2647a86e74a1f0,Reliable Map Data for Hands-Free Driving | DMP North America,https://dmp-maps.com/products/products-services/,27,0.020008003,0,0.729903758,1,1,0.5,0.2,0.364951879,0.127733158
Q04,66d62a994c92b073b2002b89,National Environmental Public Health Tracking Network Data Explorer,https://ephtracking.cdc.gov/DataExplorer/,28,0.019984326,0,0.773314774,0,0.5,0,,0.096664347,
Q04,66d6de1ad35448426ca06617,March of Dimes Maternity Care Deserts Dashboard | Deloitte US,https://www2.deloitte.com/us/en/pages/life-sciences-and-health-care/articles/march-of-dimes-maternity-care-deserts-dashboard.html,29,0.019931607,0,0.784018993,0,0.75,0,,0.147003561,
Q04,66d6d554d28af346fda0a989,Interactive Map | Mountains-to-Sea Trail,https://mountainstoseatrail.org/the-trail/map/,30,0.019758716,0,0.771660566,0,0.75,0.5,0.2,0.144686356,0.050640225
Q04,66d6f2999842769ddfefe0dd,Current Map | U.S. Drought Monitor,https://droughtmonitor.unl.edu/,31,0.019538606,0,0.776817858,1,1,0.5,0.2,0.388408929,0.135943125
Q04,66d6d87fd28af346fda0a9ae,Fine Free Map,https://www.urbanlibraries.org/initiatives/democracy/fine-free-map,32,0.01953761,0,0.762957841,0,0.75,0.5,0.2,0.143054595,0.050069108
Q04,66d5a661f71a5d7a732e7833,COVID-19 Map - Johns Hopkins Coronavirus Resource Center,https://coronavirus.jhu.edu/map.html,33,0.019501923,0,0.772802949,1,1,0,0.2,0.386401474,0.038640147
Q04,66d6336b4c92b073b2002bec,Interactive Map: US Abortion Policies and Access After Roe | Guttmacher Institute,https://states.guttmacher.org/policies/,34,0.019116632,0,0.743598223,0,0.5,1,1,0.092949778,0.092949778
Q04,66d708969842769ddfefe1d4,Good Clean Energy Jobs Powered by the Inflation Reduction Act | U.S. Department of Labor,https://www.dol.gov/general/good-jobs/cleanenergyprojects,35,0.019015152,0.142857143,0.794978291,1,1,0.5,1,0.468917717,0.351688288
Q04,66d7013c9842769ddfefe181,Child Care Desert Map | Community Evaluation Programs | University Outreach and Engagement,https://cep.msu.edu/projects/child-care-mapping-project/maps-and-charts/child-care-desert-map,36,0.018957772,0,0.762176603,0,0.75,0,0.8,0.142908113,0.057163245
Q04,66d6dd2ad35448426ca0660c,Fairtrade Impact Map -,https://www.fairtrade.net/impact/fairtrade-impact-across-the-world,37,0.01871118,0,0.777521551,0,0.75,0.5,1,0.145785291,0.109338968
Q04,66d6fff39842769ddfefe173,Map of Drought Impacts,https://droughtreporter.unl.edu/map/,38,0.018392418,0,0.774286091,0,0.75,0.5,0.2,0.145178642,0.050812525
Q04,66d7055d9842769ddfefe1af,Washington Park Arboretum Interactive Map ~ UW Botanic Gardens,https://depts.washington.edu/uwbg/gardens/map.shtml,39,0.018356375,0,0.752890527,0,0.75,0.5,0.2,0.141166974,0.049408441
Q04,66d6ddd2d35448426ca06614,"State of bathing waters in 2023
  —

  European Environment Agency",https://www.eea.europa.eu/data-and-maps/explore-interactive-maps/state-of-bathing-waters-in-2023,40,0.018183314,0,0.761668205,0,0,1,0.8,0,0
Q05,66d6d554d28af346fda0a989,Interactive Map | Mountains-to-Sea Trail,https://mountainstoseatrail.org/the-trail/map/,1,0.032786885,0,0.877169758,0,0.375,0.5,0.25,0.082234665,0.030837999
Q05,66d708f69842769ddfefe1d9,Interactive Map - Mountains To Sound Greenway Trust,https://mtsgreenway.org/explore/map/,2,0.031513648,0,0.871252239,0,0.375,0.5,0.25,0.081679897,0.030629962
Q05,66d709379842769ddfefe1dd,Maps - Cuyahoga Valley National Park (U.S. National Park Service),https://www.nps.gov/cuva/planyourvisit/maps.htm,3,0.031513648,0.5,0.853527427,0.5,0.5,0,0.25,0.338381857,0.042297732
Q05,66d7115f9842769ddfefe235,Maps - Glacier National Park (U.S. National Park Service),https://www.nps.gov/glac/planyourvisit/maps.htm,4,0.030117754,0.166666667,0.850519836,0.5,0.5,0,0.25,0.254296626,0.031787078
Q05,66e889d8dca1e1ff7088bd2c,Visit Washington State | Washington State Tourism,http://www.experiencewa.com/,5,0.030076888,0.166666667,0.845348716,0,0.375,0.5,0.25,0.094876442,0.035578666
Q05,66d711309842769ddfefe233,Interactive Map | Beltline,https://beltline.org/map/,6,0.029957523,0.166666667,0.831855834,0,0,0.5,0.25,0,0
Q05,66d6281c4c92b073b2002b6d,Maps - Potomac Heritage National Scenic Trail (U.S. National Park Service),https://www.nps.gov/pohe/planyourvisit/maps.htm,7,0.029857398,0.166666667,0.844577402,0,0.375,0.5,1,0.094804131,0.071103099
Q05,66e888fedca1e1ff7088bd24,Weather Prediction Center,https://www.wpc.ncep.noaa.gov/NationalForecastChart/map.php,8,0.027587519,0.166666667,0.777844101,0,0.375,0.5,0.25,0.088547884,0.033205457
Q05,66d70f3f9842769ddfefe21e,Maps - Virgin Islands National Park (U.S. National Park Service),https://www.nps.gov/viis/planyourvisit/maps.htm,9,0.027106227,0.333333333,0.825714827,0,0,0,0,0,0
Q05,66d6e8bb9842769ddfefe06a,Washington's interactive accessibility recreational map | Washington Department of Fish & Wildlife,https://wdfw.wa.gov/accessibility/map,10,0.026742581,0,0.826545,0,0.375,0.5,1,0.077488594,0.058116445
Q05,66d6e4859842769ddfefe037,SEVIS Data Mapping Tool | Study in the States,https://studyinthestates.dhs.gov/sevis-data-mapping-tool,11,0.024891775,0,0.797718436,0.5,0.5,0.5,0.25,0.199429609,0.074786103
Q05,66d5b015273dcf549226919d,Maps - Minute Man National Historical Park (U.S. National Park Service),https://www.nps.gov/mima/planyourvisit/maps.htm,12,0.023894183,0.166666667,0.827452123,0,0.375,0.5,0.25,0.093198637,0.034949489
Q05,66d62a994c92b073b2002b89,National Environmental Public Health Tracking Network Data Explorer,https://ephtracking.cdc.gov/DataExplorer/,13,0.023735955,0.166666667,0.809706122,0,0.25,0,,0.061023299,
Q05,66d710389842769ddfefe229,Highbanks - Metro Parks - Central Ohio Park System,https://www.metroparks.net/parks-and-trails/highbanks/,14,0.023717595,0,0.811805904,0,0.375,0.5,0.25,0.076106803,0.028540051
Q05,66d70c849842769ddfefe1ff,QuickMap,https://quickmap.dot.ca.gov/,15,0.022859308,0,0.811599642,0,0.375,0.5,0.25,0.076087466,0.0285328
Q05,66d6f2999842769ddfefe0dd,Current Map | U.S. Drought Monitor,https://droughtmonitor.unl.edu/,16,0.022705882,0,0.770962,0.5,0.5,0.5,0.25,0.1927405,0.072277687
Q05,66d5a5d1f71a5d7a732e782d,Interactive Map for Heritage Rail Trail - York County Rail Trail Authority,https://www.yorkcountytrails.org/interactive-map-for-heritage-rail-trail/,17,0.022677311,0,0.826321542,0,0,0.5,0.75,0,0
Q05,66d623244c92b073b2002b36,Sustainability Map | Sustainable UC Davis,https://sustainability.ucdavis.edu/sustainability-map,18,0.02265745,0,0.807589918,0,0,0.5,0.25,0,0
Q05,66d5a5fdf71a5d7a732e782f,,https://friendsofsleepingbear.org/sbht-i-map/,19,0.022403004,0,0.842494547,0,0,0,,0,
Q05,66d571625e27b9bcf8ff9c45,Count Love,https://countlove.org/,20,0.021590909,0,0.765807271,0,0.25,0.5,0.25,0.047862954,0.017948608
Q05,66d70e689842769ddfefe214,Maps - Mammoth Cave National Park (U.S. National Park Service),https://www.nps.gov/maca/planyourvisit/maps.htm,21,0.021464646,0.166666667,0.851583749,0,0,0,0.25,0,0
Q05,66e8a95daf2647a86e74a1f0,Reliable Map Data for Hands-Free Driving | DMP North America,https://dmp-maps.com/products/products-services/,22,0.021327968,0,0.804393917,0.5,0.5,0.5,0.25,0.201098479,0.07541193
Q05,66d6f6c09842769ddfefe10c,Sonoran Desert National Monument | Bureau of Land Management,https://www.blm.gov/visit/sonoran-desert-national-monument,23,0.021157895,0.166666667,0.826900989,0.5,0.5,0,0,0.248391914,0
Q05,66d62be64c92b073b2002b97,Hawaiian Volcano Observatory | U.S. Geological Survey,https://www.usgs.gov/observatories/hvo,24,0.021057202,0,0.810420245,0.5,0.5,0.5,0.25,0.202605061,0.075976898
Q05,66e8a67caf2647a86e74a1cf,USGS WaterWatch -- Streamflow conditions,http://waterwatch.usgs.gov/?m=real&r=ne&w=map,25,0.020892688,0,0.803541154,0.5,0.5,0.5,0.25,0.200885288,0.075331983
Q05,66d632dd4c92b073b2002be6,NWT wildfire update | Environment and Climate Change,https://www.gov.nt.ca/ecc/services/wildfire-update/en/firedata,26,0.020797599,0,0.80087617,0,0.375,0.5,0.25,0.075082141,0.028155803
Q05,66d6d826d28af346fda0a9ab,"Asheville Urban Trail | Walking Tour of Art, Parks & History | Asheville, NC's Official Travel Site",https://www.exploreasheville.com/urban-trail/,27,0.020779639,0,0.826076031,0,0.375,0.5,1,0.077444628,0.058083471
Q05,66d6d57cd28af346fda0a98b,Bird Migration Explorer,https://explorer.audubon.org/en/home,28,0.020726496,0,0.808334976,0,0.375,0.5,0.25,0.075781404,0.028418027
Q05,66d6f7b59842769ddfefe117,Maps - Hubbell Trading Post National Historic Site (U.S. National Park Service),https://www.nps.gov/hutr/planyourvisit/maps.htm,29,0.020594736,0.166666667,0.824202776,0,0.375,0,0,0.09289401,0
Q05,66d6302f4c92b073b2002bc8,Sustainability Map | Sustainable Campus,https://sustainablecampus.cornell.edu/sustainability-map,30,0.020454101,0.166666667,0.783568561,0,0,0.5,0.25,0,0
Q05,66d700e29842769ddfefe17d,Lead Water Service Line Map,https://www.grandrapidsmi.gov/Government/Departments/Water-System/Lead-in-Drinking-Water/Lead-Water-Service-Line-Map,31,0.020178274,0,0.785112619,0.5,0.5,0.5,1,0.196278155,0.147208616
Q05,66e885b9dca1e1ff7088bd03,Home - Lee & White,https://leeandwhiteatl.com/,32,0.019798793,0,0.776047289,0,0.375,0.5,0.25,0.072754433,0.027282913
Q05,66d6d477d28af346fda0a97f,Interactive map: How has local sea level in the United States changed over time? | NOAA Climate.gov,http://www.climate.gov/news-features/features/interactive-map-how-has-local-sea-level-united-states-changed-over-time,33,0.019564415,0,0.782973468,0.5,0.5,0.5,0.25,0.195743367,0.073403763
Q05,66d625a04c92b073b2002b51,GIS,https://www.weather.gov/gis/,34,0.01948359,0.166666667,0.814237416,0,0,0,0.25,0,0
Q05,66d6d6d0d28af346fda0a99b,Light pollution map,https://www.lightpollutionmap.info/,35,0.019389367,0,0.791885912,0,0.25,0.5,0.75,0.04949287,0.030933043
Q05,66d6f16f9842769ddfefe0d0,California Marine Protected Areas (MPAs),https://wildlife.ca.gov/Conservation/Marine/MPAs,36,0.01935743,0,0.791409105,0,0.375,0.5,0,0.074194604,0.018548651
Q05,66d5a9ebf71a5d7a732e785b,Interactive Hunting Map | Department Of Natural Resources Division,https://georgiawildlife.com/locations/hunting,37,0.019122383,0,0.828068733,0,0.375,0.5,0.25,0.077631444,0.029111791
Q05,66d6d5d8d28af346fda0a98f,Visited countries map,https://visitedplaces.com/,38,0.018834966,0,0.807579041,0.5,0.5,0,,0.20189476,
Q05,66d5a19bf71a5d7a732e77fe,NWS Radar,https://radar.weather.gov/,39,0.018576679,0.166666667,0.797385335,0,0.375,0,,0.090379875,
Q05,66d5a886f71a5d7a732e784b,Drone site selection tool - National Research Council Canada,https://nrc.canada.ca/en/drone-tool/,40,0.018518519,0,0.811621457,0,0.375,0,,0.076089512,
Q07,66d6f8889842769ddfefe120,Summer Meal Site Map,https://squaremeals.org/Programs/Summer-Meal-Programs/Summer-Meal-Site-Map,1,0.032786885,0.333333333,0.883977801,1,1,1,1,0.608655567,0.608655567
Q07,66d703bb9842769ddfefe19c,Food Map | Find Maine Food Pantries | Good Shepherd Food Bank,https://www.gsfb.org/food-map/,2,0.031754032,0.166666667,0.845678538,0,0,1,1,0,0
Q07,66d703d19842769ddfefe19d,Food Map - City Harvest,https://www.cityharvest.org/food-map/,3,0.031513648,0.166666667,0.846348405,0,0,0,,0,
Q07,66d6ddecd35448426ca06615,USDA ERS - Go to the Atlas,https://www.ers.usda.gov/data-products/food-access-research-atlas/go-to-the-atlas/,4,0.030330882,0.166666667,0.833925128,0,0,0,0,0,0
Q07,66d6de80d35448426ca0661c,Hunger & Poverty in the United States | Map the Meal Gap,https://map.feedingamerica.org/,5,0.03030303,0.5,0.858406842,0,0.75,1,1,0.254701283,0.254701283
Q07,66d6d87fd28af346fda0a9ae,Fine Free Map,https://www.urbanlibraries.org/initiatives/democracy/fine-free-map,6,0.029631255,0.166666667,0.80109036,0,0,1,1,0,0
Q07,66d6e5189842769ddfefe03e,Howard County Food Connection Map | LHIC,https://www.hclhic.org/foodmap,7,0.029386529,0.333333333,0.820479333,0,0,1,1,0,0
Q07,66d6f05e9842769ddfefe0c5,Brown County » Departments » Extension Brown County » General Information » NEW Food Access Map,https://www.browncountywi.gov/departments/extension-brown-county/general-information/new-food-access-map/,8,0.029211087,0.166666667,0.823114574,0,0,0,,0,
Q07,66d6f0489842769ddfefe0c4,Food Distribution Map,https://www.shawnee.k-state.edu/food_distribution_map/index.html,9,0.029083246,0.166666667,0.836506844,0,0,0,,0,
Q07,66d708f69842769ddfefe1d9,Interactive Map - Mountains To Sound Greenway Trust,https://mtsgreenway.org/explore/map/,10,0.026709402,0,0.779065251,0,0,1,1,0,0
Q07,66d704549842769ddfefe1a3,FDRL Free Food Map | Penn State College of Health and Human Development,https://hhd.psu.edu/shm/research/industry-research-and-thought-leadership/food-decisions-research-laboratory-fdrl/fdrl-free,11,0.02625746,0,0.82868883,0,0,0,,0,
Q07,66d6302f4c92b073b2002bc8,Sustainability Map | Sustainable Campus,https://sustainablecampus.cornell.edu/sustainability-map,12,0.025728709,0,0.801266909,0,0,1,1,0,0
Q07,66d6e8bb9842769ddfefe06a,Washington's interactive accessibility recreational map | Washington Department of Fish & Wildlife,https://wdfw.wa.gov/accessibility/map,13,0.025603392,0.166666667,0.774804354,0,0,1,1,0,0
Q07,66d6f13a9842769ddfefe0ce,WILDFIRES AND DISASTERS | TFS,https://tfsweb.tamu.edu/Burnbans/,14,0.024641577,0,0.779289484,1,1,0,,0.389644742,
Q07,66d6f4589842769ddfefe0f1,California Coastal Commission,https://www.coastal.ca.gov/publiced/ccd/ccd.html,15,0.023888429,0.166666667,0.786693603,0,0,1,1,0,0
Q07,66d6fae29842769ddfefe13a,NOAA Tides and Currents,https://tidesandcurrents.noaa.gov/,16,0.023823029,0,0.777412415,0,0.75,0,,0.145764828,
Q07,66d6dd71d35448426ca0660f,Groundwater Data Viewer | Texas Water Development Board,https://www3.twdb.texas.gov/apps/waterdatainteractive/groundwaterdataviewer,17,0.023335702,0,0.777879328,1,1,0,,0.388939664,
Q07,66e8a95daf2647a86e74a1f0,Reliable Map Data for Hands-Free Driving | DMP North America,https://dmp-maps.com/products/products-services/,18,0.023237179,0,0.757336617,0,0.75,1,1,0.142000616,0.142000616
Q07,66d6d554d28af346fda0a989,Interactive Map | Mountains-to-Sea Trail,https://mountainstoseatrail.org/the-trail/map/,19,0.023037204,0,0.786419481,0,0,1,1,0,0
Q07,66d6ed129842769ddfefe09d,GBIF,https://www.gbif.org/,20,0.022246272,0.166666667,0.781301916,0,0.75,1,1,0.177744109,0.177744109
Q07,66d6f2999842769ddfefe0dd,Current Map | U.S. Drought Monitor,https://droughtmonitor.unl.edu/,21,0.022037652,0,0.781853795,1,1,1,1,0.390926898,0.390926898
Q07,66d708829842769ddfefe1d3,Solar Reference Map - FSEC®,https://energyresearch.ucf.edu/solar-certification/solar-reference-map/,22,0.021777976,0,0.78941524,0,0,1,1,0,0
Q07,66d706d19842769ddfefe1bf,"METRO Interactive System Map | Bus and Rail Transit | Houston, Texas",https://map.ridemetro.org/,23,0.021428571,0,0.767190218,1,1,1,1,0.383595109,0.383595109
Q07,66d70e119842769ddfefe210,Maine Farm and Seafood Products Directory - Cooperative Extension: Agriculture - University of Maine Cooperative Extension,https://extension.umaine.edu/agriculture/farm-product-and-pickup-directory/,24,0.021420389,0,0.791896135,0,0,0,,0,
Q07,66d70afd9842769ddfefe1ee,Harris County Flood Education Mapping Tool,https://www.harriscountyfemt.org/,25,0.021176706,0,0.78988716,1,1,0,,0.39494358,
Q07,66e885b9dca1e1ff7088bd03,Home - Lee & White,https://leeandwhiteatl.com/,26,0.020892688,0.166666667,0.776795685,0,0,1,1,0,0
Q07,66d6336b4c92b073b2002bec,Interactive Map: US Abortion Policies and Access After Roe | Guttmacher Institute,https://states.guttmacher.org/policies/,27,0.020840047,0.166666667,0.811318994,0,0,1,1,0,0
Q07,66d70c849842769ddfefe1ff,QuickMap,https://quickmap.dot.ca.gov/,28,0.020730397,0,0.759154081,0,0,0,0,0,0
Q07,66d700e29842769ddfefe17d,Lead Water Service Line Map,https://www.grandrapidsmi.gov/Government/Departments/Water-System/Lead-in-Drinking-Water/Lead-Water-Service-Line-Map,29,0.020679012,0,0.78679356,0,0.75,1,1,0.147523792,0.147523792
Q07,66d5a9ebf71a5d7a732e785b,Interactive Hunting Map | Department Of Natural Resources Division,https://georgiawildlife.com/locations/hunting,30,0.02048495,0,0.770230293,0,0,1,1,0,0
Q07,66d7013c9842769ddfefe181,Child Care Desert Map | Community Evaluation Programs | University Outreach and Engagement,https://cep.msu.edu/projects/child-care-mapping-project/maps-and-charts/child-care-desert-map,31,0.020375587,0,0.808228046,0,0,0,0,0,0
Q07,66d711309842769ddfefe233,Interactive Map | Beltline,https://beltline.org/map/,32,0.020334805,0,0.79712373,0,0,1,1,0,0
Q07,66d625a04c92b073b2002b51,GIS,https://www.weather.gov/gis/,33,0.01962482,0,0.767751127,0,0,0,0,0,0
Q07,66d708969842769ddfefe1d4,Good Clean Energy Jobs Powered by the Inflation Reduction Act | U.S. Department of Labor,https://www.dol.gov/general/good-jobs/cleanenergyprojects,34,0.019324895,0,0.79325375,0,0.75,1,1,0.148735078,0.148735078
Q07,66d5a1dbf71a5d7a732e7801,2023 USDA Plant Hardiness Zone Map | USDA Plant Hardiness Zone Map,https://planthardiness.ars.usda.gov/home,35,0.018807612,0,0.802046031,0,0.75,0,0,0.150383631,0
Q07,66d709379842769ddfefe1dd,Maps - Cuyahoga Valley National Park (U.S. National Park Service),https://www.nps.gov/cuva/planyourvisit/maps.htm,36,0.018300654,0,0.780138075,0,0.75,0,0,0.146275889,0
Q07,66d6dd2ad35448426ca0660c,Fairtrade Impact Map -,https://www.fairtrade.net/impact/fairtrade-impact-across-the-world,37,0.018099918,0,0.788510025,0,0,1,1,0,0
Q07,66d7115f9842769ddfefe235,Maps - Glacier National Park (U.S. National Park Service),https://www.nps.gov/glac/planyourvisit/maps.htm,38,0.018050254,0,0.777965665,0,0.75,0,0,0.145868562,0
Q07,66d6fefb9842769ddfefe168,Billion-Dollar Weather and Climate Disasters | National Centers for Environmental Information (NCEI),https://www.ncei.noaa.gov/access/billions/mapping,39,0.018024862,0,0.778270006,0,0.75,1,1,0.145925626,0.145925626
Q07,66d570b15e27b9bcf8ff9c3d,Five Years of Drought – Adventures In Mapping,https://adventuresinmapping.com/2016/07/12/five-years-of-drought/,40,0.017977377,0,0.791426778,0,0.75,0,0,0.148392521,0
Q08,66d571375e27b9bcf8ff9c43,"Bklynr | Block by Block, Brooklyn’s Past and Present",http://bklynr.com/block-by-block-brooklyns-past-and-present/,1,0.032522475,0,0.854771495,0.5,0.5,0.5,0.984375,0.213692874,0.15860018
Q08,66d571b65e27b9bcf8ff9c48,"Mapping the Shadows of New York City: Every Building, Every Block - The New York Times",https://www.nytimes.com/interactive/2016/12/21/upshot/Mapping-the-Shadows-of-New-York-City.html?_r=0,2,0.032002048,0,0.818229198,1,1,0.5,0.401041667,0.409114599,0.18431465
Q08,66d573375e27b9bcf8ff9c58,A Tale of Twenty-Two Million Citi Bike Rides: Analyzing the NYC Bike Share System - Todd W. Schneider,http://toddwschneider.com/posts/a-tale-of-twenty-two-million-citi-bikes-analyzing-the-nyc-bike-share-system/,3,0.028612013,0,0.794503421,1,1,0.5,0.020833333,0.39725171,0.103450966
Q08,66d7053d9842769ddfefe1ae,NYC Tree Map,https://tree-map.nycgovparks.org/,4,0.027637722,0,0.792762876,0.5,0.875,0,0,0.272512238,0
Q08,66d6deebd35448426ca06621,Interactive Map – Asia Week New York,https://asiaweekny.com/interactive-map/,5,0.026419626,0,0.795329213,0,0.75,0,0,0.149124227,0
Q08,66d570b15e27b9bcf8ff9c3d,Five Years of Drought – Adventures In Mapping,https://adventuresinmapping.com/2016/07/12/five-years-of-drought/,6,0.025910931,0,0.795390934,0,0.375,0.5,0.03125,0.0745679,0.019807098
Q08,66d5a95af71a5d7a732e7855,Kettering Interactive Zoning & Pattern District Map - Kettering,https://www.ketteringoh.org/kettering-interactive-zoning-map/,7,0.024474558,0.166666667,0.830753326,0,0,0,0,0,0
Q08,66d703d19842769ddfefe19d,Food Map - City Harvest,https://www.cityharvest.org/food-map/,8,0.024096386,0,0.77462858,1,1,0,,0.38731429,
Q08,66d5a550f71a5d7a732e7828,Interactive District Map | City of Detroit,https://detroitmi.gov/webapp/interactive-district-map,9,0.023901099,0.166666667,0.811699003,0,0,0,,0,
Q08,66d5b015273dcf549226919d,Maps - Minute Man National Historical Park (U.S. National Park Service),https://www.nps.gov/mima/planyourvisit/maps.htm,10,0.023489011,0,0.776524007,0,0,0,0,0,0
Q08,66d7055d9842769ddfefe1af,Washington Park Arboretum Interactive Map ~ UW Botanic Gardens,https://depts.washington.edu/uwbg/gardens/map.shtml,11,0.023109244,0,0.774975687,0,0,0,0,0,0
Q08,66d5a642f71a5d7a732e7832,Interactive heritage map - Perth & Kinross Council,https://www.pkc.gov.uk/article/18142/Interactive-heritage-map,12,0.023042071,0,0.823581368,0,0,0,0,0,0
Q08,66d5a972f71a5d7a732e7856,U.S. County Migration Patterns,https://flowsmapper.geo.census.gov/map.html,13,0.022866633,0,0.804599613,0,0.375,0.5,0.057291667,0.075431214,0.021018593
Q08,66d6302f4c92b073b2002bc8,Sustainability Map | Sustainable Campus,https://sustainablecampus.cornell.edu/sustainability-map,14,0.022730208,0.166666667,0.788184911,0,0,0,0,0,0
Q08,66d5a6dcf71a5d7a732e7838,Interactive Map – CRT Forward Tracking Project,https://crtforward.law.ucla.edu/map/,15,0.022224643,0,0.772191644,0,0,0,,0,
Q08,66d5af5b273dcf5492269195,Virginia Dept. of Elections: Interactive Map,https://www.elections.virginia.gov/casting-a-ballot/redistricting/interactive-map/,16,0.022126341,0,0.820297241,0,0,0,0,0,0
Q08,66d6e4859842769ddfefe037,SEVIS Data Mapping Tool | Study in the States,https://studyinthestates.dhs.gov/sevis-data-mapping-tool,17,0.022044574,0,0.778143972,0,0.375,0,0,0.072950997,0
Q08,66d7013c9842769ddfefe181,Child Care Desert Map | Community Evaluation Programs | University Outreach and Engagement,https://cep.msu.edu/projects/child-care-mapping-project/maps-and-charts/child-care-desert-map,18,0.02204316,0.166666667,0.764467537,0,0,0,0.84375,0,0
Q08,66d5a5d1f71a5d7a732e782d,Interactive Map for Heritage Rail Trail - York County Rail Trail Authority,https://www.yorkcountytrails.org/interactive-map-for-heritage-rail-trail/,19,0.022005152,0,0.813658416,0,0,0,0,0,0
Q08,66e88590dca1e1ff7088bd01,New York State Impact,https://ny.cornell.edu/#map,20,0.021953405,0,0.787472665,0.5,0.875,0,,0.270693729,
Q08,66d6f7b59842769ddfefe117,Maps - Hubbell Trading Post National Historic Site (U.S. National Park Service),https://www.nps.gov/hutr/planyourvisit/maps.htm,21,0.021774032,0.166666667,0.76849544,0,0,0.5,0.005208333,0,0
Q08,66d62efc4c92b073b2002bb9,Campus Maps | University of Nebraska–Lincoln,https://maps.unl.edu/,22,0.021660265,0.166666667,0.774983644,0,0,0,,0,
Q08,66d571cf5e27b9bcf8ff9c49,"All buildings in the Netherlands, shaded by year of construction",http://code.waag.org/buildings/#52.3732 4.9003 11,23,0.021635138,0,0.826649874,0,0,0,0.942708333,0,0
Q08,66d5a4e9f71a5d7a732e7823,City Interactive Map,https://maps.cityoffortwayne.org/maps/map.htm,24,0.021266968,0,0.805844665,0,0,0,0.661458333,0,0
Q08,66d571625e27b9bcf8ff9c45,Count Love,https://countlove.org/,25,0.021195652,0,0.797569036,0,0,0,0,0,0
Q08,66d569933086f83afaa4c2f3,Reprojected Destruction,http://hanshack.com/aleppo/#berlin,26,0.020950594,0,0.817073047,0,0,0,0,0,0
Q08,66d709379842769ddfefe1dd,Maps - Cuyahoga Valley National Park (U.S. National Park Service),https://www.nps.gov/cuva/planyourvisit/maps.htm,27,0.020718816,0,0.767204523,0,0.375,0,0,0.071925424,0
Q08,66e88730dca1e1ff7088bd12,SIMILE Widgets | Exhibit | Examples | US Cities By Population,http://simile-widgets.org/exhibit3/examples/cities/cities.html,28,0.020499109,0,0.812679917,0,0,0,,0,
Q08,66d621ef4c92b073b2002b29,World Heritage Centre - World Heritage Online Map Platform,https://whc.unesco.org/en/wh-gis/,29,0.020467836,0.166666667,0.826373637,0,0,0,0.046875,0,0
Q08,66d70cf49842769ddfefe204,Deployments | FHWA,https://highways.dot.gov/research/structures/ultra-high-performance-concrete/deployments,30,0.020169225,0,0.764495581,0,0,0,0.046875,0,0
Q08,66d5a1dbf71a5d7a732e7801,2023 USDA Plant Hardiness Zone Map | USDA Plant Hardiness Zone Map,https://planthardiness.ars.usda.gov/home,31,0.019808366,0,0.77119118,0,0.375,0,0.026041667,0.072299173,0.000941395
Q08,66d5b0e8273dcf54922691a6,Mapnificent – Dynamic Public Transport Travel Time Maps,https://www.mapnificent.net/,32,0.019727891,0,0.789884269,0,0,0,,0,
Q08,66d5a2a1f71a5d7a732e780a,"World map, satellite view // Earth map online service",https://satellites.pro/,33,0.01969862,0,0.788343966,0,0,0,,0,
Q08,66d61fd54c92b073b2002b10,Unified Hazard Tool,https://earthquake.usgs.gov/hazards/interactive/,34,0.019674101,0,0.770874947,0,0.375,0,,0.072269526,
Q08,66d700e29842769ddfefe17d,Lead Water Service Line Map,https://www.grandrapidsmi.gov/Government/Departments/Water-System/Lead-in-Drinking-Water/Lead-Water-Service-Line-Map,35,0.019617225,0,0.796925694,0,0.375,0,0.348958333,0.074711784,0.01303565
Q08,66d6dd71d35448426ca0660f,Groundwater Data Viewer | Texas Water Development Board,https://www3.twdb.texas.gov/apps/waterdatainteractive/groundwaterdataviewer,36,0.019444444,0,0.796595097,0,0,0,,0,
Q08,66d572485e27b9bcf8ff9c4d,Ungentry,http://codeforboston.github.io/ungentry/,37,0.019265854,0,0.821311593,0,0,0,0.026041667,0,0
Q08,66e886a7dca1e1ff7088bd0d,SIMILE Widgets | Exhibit | Examples | U.S. Presidents,http://simile-widgets.org/exhibit3/examples/presidents/presidents.html,38,0.018768379,0,0.76067555,0,0.375,0,,0.071313333,
Q08,66d5a617f71a5d7a732e7830,Map of Confederate memorials throughout the United States | Southern Poverty Law Center,https://www.splcenter.org/whose-heritage-map,39,0.018567639,0,0.76336652,0,0.375,0,0,0.071565611,0
Q08,66d706159842769ddfefe1b7,Interactive Map,https://www.haponline.org/About-PA-Hospitals/Interactive-Map,40,0.018513514,0,0.762879372,0,0,0,0,0,0
Q10,66d6f16f9842769ddfefe0d0,California Marine Protected Areas (MPAs),https://wildlife.ca.gov/Conservation/Marine/MPAs,1,0.032786885,0.285714286,0.856316686,1,1,1,0.346153846,0.571015486,0.384337346
Q10,66d6f4249842769ddfefe0ef,CBRS Mapper,https://fwsprimary.wim.usgs.gov/CBRSMapper-v2/,2,0.032258065,0,0.866380483,0,0.75,0,0,0.162446341,0
Q10,66d6f4589842769ddfefe0f1,California Coastal Commission,https://www.coastal.ca.gov/publiced/ccd/ccd.html,3,0.030365769,0.142857143,0.819630623,1,1,0.5,0.038461538,0.481243883,0.129565661
Q10,66d7107a9842769ddfefe22c,MassDEP Online Map Viewer - Wetland and Wetland Change Areas Map,https://maps.massgis.digital.mass.gov/images/dep/omv/wetviewer.htm,4,0.030365769,0,0.832049131,0,0,0,0.538461538,0,0
Q10,66e89a12af2647a86e74a146,Sea Level Rise and Coastal Flooding Impacts,https://coast.noaa.gov/slr/#/layer/slr,5,0.030330882,0.142857143,0.858674347,1,1,0,0.192307692,0.500765745,0.048150552
Q10,66d5a9ebf71a5d7a732e785b,Interactive Hunting Map | Department Of Natural Resources Division,https://georgiawildlife.com/locations/hunting,6,0.029910714,0.142857143,0.851341456,0,0,0.5,0.038461538,0,0
Q10,66d6faf79842769ddfefe13b,Ducks Unlimited Waterfowl Migration Map & Hunting Reports,https://www.ducks.org/migrationmap,7,0.029040404,0.142857143,0.809382647,1,1,0,0.038461538,0.476119895,0.009156152
Q10,66d6f40e9842769ddfefe0ee,Maine Geological Survey: Coastal Sand Dune Geology - Digital Data,https://www.maine.gov/dacf/mgs/pubs/digital/dunes.htm,8,0.028438887,0.142857143,0.844013363,0,0,0,0.807692308,0,0
Q10,66d6e8bb9842769ddfefe06a,Washington's interactive accessibility recreational map | Washington Department of Fish & Wildlife,https://wdfw.wa.gov/accessibility/map,9,0.027863777,0.142857143,0.82640022,0,0,0.5,0.269230769,0,0
Q10,66d6fae29842769ddfefe13a,NOAA Tides and Currents,https://tidesandcurrents.noaa.gov/,10,0.027443609,0.142857143,0.832862377,0,0.75,0,,0.18294741,
Q10,66d6fe2a9842769ddfefe15f,Coastal Atlas - Map,https://apps.ecology.wa.gov/coastalatlasmap,11,0.02707152,0.142857143,0.82850793,0,0,0,,0,
Q10,66d5a5aff71a5d7a732e782c,Interactive Map - UNESCO World Heritage Centre,https://whc.unesco.org/en/interactive-map/,12,0.026846847,0,0.83027795,0,0,0.5,1,0,0
Q10,66d6fde59842769ddfefe15c,Campus Map | Coastal Carolina,https://www.coastal.edu/map/,13,0.026830135,0.142857143,0.810589254,0,0.75,0,,0.178771199,
Q10,66d6e8a69842769ddfefe069,Interactive Map of All Locations | Department Of Natural Resources Division,https://georgiawildlife.com/locations/wrd,14,0.026254181,0.142857143,0.828518152,0,0,0.5,0.038461538,0,0
Q10,66d700ca9842769ddfefe17c,Water Boards Map | California State Water Resources Control Board,https://www.waterboards.ca.gov/waterboards_map.html,15,0.025093353,0,0.792298377,1,1,0,0.038461538,0.396149188,0.007618254
Q10,66d700799842769ddfefe179,Map,https://wdlbeta.water.ca.gov/Map.aspx,16,0.024410774,0,0.789739847,1,1,0,,0.394869924,
Q10,66d70c849842769ddfefe1ff,QuickMap,https://quickmap.dot.ca.gov/,17,0.024350649,0,0.777295589,1,1,0,0.038461538,0.388647795,0.007473996
Q10,66d6d477d28af346fda0a97f,Interactive map: How has local sea level in the United States changed over time? | NOAA Climate.gov,http://www.climate.gov/news-features/features/interactive-map-how-has-local-sea-level-united-states-changed-over-time,18,0.024115297,0,0.826526821,0,0.75,0,0.884615385,0.154973779,0.068546095
Q10,66d6fff39842769ddfefe173,Map of Drought Impacts,https://droughtreporter.unl.edu/map/,19,0.023971631,0,0.813116848,1,1,0.5,0.038461538,0.406558424,0.109458037
Q10,66d6ebda9842769ddfefe08f,OpenSeaMap - The free nautical chart,https://map.openseamap.org/,20,0.023184544,0,0.808358967,0,0,0,0.038461538,0,0
Q10,66d6d907d28af346fda0a9b4,Interactive Beach Water Quality Dashboard | Mass.gov,https://www.mass.gov/info-details/interactive-beach-water-quality-dashboard,21,0.023129791,0,0.822942019,0,0,0.5,0.038461538,0,0
Q10,66d5a2a1f71a5d7a732e780a,"World map, satellite view // Earth map online service",https://satellites.pro/,22,0.021988643,0,0.783525556,0,0,0,,0,
Q10,66d6df05d35448426ca06622,Interactive Map of Asia:  Asia Map showing countries and seas,http://www.yourchildlearns.com/asia_map.htm,23,0.021660265,0,0.79161185,0,0,0,0.653846154,0,0
Q10,66d6f6c09842769ddfefe10c,Sonoran Desert National Monument | Bureau of Land Management,https://www.blm.gov/visit/sonoran-desert-national-monument,24,0.021640827,0,0.775440097,1,1,0,0.038461538,0.387720048,0.007456155
Q10,66d6f4ec9842769ddfefe0f7,Home Page - Cal MyHazards,https://myhazards.caloes.ca.gov/,25,0.021198668,0,0.780418873,1,1,0,,0.390209436,
Q10,66d708829842769ddfefe1d3,Solar Reference Map - FSEC®,https://energyresearch.ucf.edu/solar-certification/solar-reference-map/,26,0.021012101,0,0.794714272,0,0,0.5,0.653846154,0,0
Q10,66d5af5b273dcf5492269195,Virginia Dept. of Elections: Interactive Map,https://www.elections.virginia.gov/casting-a-ballot/redistricting/interactive-map/,27,0.020614263,0,0.790766954,0,0,0.5,0.038461538,0,0
Q10,66d570b15e27b9bcf8ff9c3d,Five Years of Drought – Adventures In Mapping,https://adventuresinmapping.com/2016/07/12/five-years-of-drought/,28,0.02048495,0,0.792757541,0,0.75,0,0.307692308,0.148642039,0.022868006
Q10,66d5a886f71a5d7a732e784b,Drone site selection tool - National Research Council Canada,https://nrc.canada.ca/en/drone-tool/,29,0.020259638,0,0.795387417,0,0,0,,0,
Q10,66d5a642f71a5d7a732e7832,Interactive heritage map - Perth & Kinross Council,https://www.pkc.gov.uk/article/18142/Interactive-heritage-map,30,0.020189905,0,0.804460287,0,0,0.5,0.076923077,0,0
Q10,66d6f1869842769ddfefe0d1,Garmin | Marine Maps,https://maps.garmin.com/en-US/marine/?maps=another-brand&overlay=false,31,0.020150243,0.142857143,0.775066793,0,0,0,,0,
Q10,66d7013c9842769ddfefe181,Child Care Desert Map | Community Evaluation Programs | University Outreach and Engagement,https://cep.msu.edu/projects/child-care-mapping-project/maps-and-charts/child-care-desert-map,32,0.020105072,0,0.791731775,0,0,0,0.961538462,0,0
Q10,66d6f2999842769ddfefe0dd,Current Map | U.S. Drought Monitor,https://droughtmonitor.unl.edu/,33,0.019760941,0,0.784101486,1,1,0.5,0.038461538,0.392050743,0.105552123
Q10,66d6f5c59842769ddfefe101,Impact Map - Climate Impact Lab,https://impactlab.org/map/,34,0.019494392,0,0.805779815,0,0.75,0,1,0.151083715,0.075541858
Q10,66d6faae9842769ddfefe138,National Data Buoy Center,https://www.ndbc.noaa.gov/,35,0.019463587,0,0.79024893,0,0,0,,0,
Q10,66d70f099842769ddfefe21b,Interactive Maps - Island of the Blue Dolphins (U.S. National Park Service),https://www.nps.gov/subjects/islandofthebluedolphins/map.htm,36,0.019414985,0,0.805799991,0,0,0,0.038461538,0,0
Q10,66d5709d5e27b9bcf8ff9c3c,"earth :: a global map of wind, weather, and ocean conditions",https://earth.nullschool.net/#current/wind/surface/level/orthographic=-34.28 57.06 257/loc=-17.124 57.517,37,0.019256757,0,0.825331867,0,0,0.5,0.461538462,0,0
Q10,66d5a1c4f71a5d7a732e7800,"earth :: a global map of wind, weather, and ocean conditions",https://earth.nullschool.net/,38,0.019256757,0,0.825331867,0,0,0.5,0.461538462,0,0
Q10,66e89873af2647a86e74a137,ATXwatersheds,https://www.atxwatersheds.com/findyourwatershed/,39,0.019211409,0,0.799201548,0,0,0,,0,
Q10,66d6270d4c92b073b2002b61,Border Wall System | U.S. Customs and Border Protection,https://www.cbp.gov/border-security/along-us-borders/border-wall-system,40,0.019109821,0,0.782210112,0,0,0,0.076923077,0,0
